INSERT INTO t_sys_category (ID,LOCALE,SORT_ID,AUTH_TYPE,CATEGORY_CODE,CATEGORY_NAME) VALUES 
 ('20180101000000000_02_t_sys_category_PSS_SUPPLIER_TYPE_0000000000','zh_CN',2,'ROOT','PSS_SUPPLIER_TYPE','供应商类型')
,('20180101000000000_02_t_sys_category_PSS_PRODUCT_UNIT_00000000000','zh_CN',2,'ROOT','PSS_PRODUCT_UNIT','产品单位')
,('20180101000000000_02_t_sys_category_PSS_ORDER_TYPE_0000000000000','zh_CN',2,'ROOT','PSS_ORDER_TYPE','订单类型')
,('20180101000000000_02_t_sys_category_PSS_INVENTORY_STATUS_0000000','zh_CN',2,'ENUM','PSS_INVENTORY_STATUS','入库状态')
,('20180101000000000_02_t_sys_category_PSS_OTHER_STORAGE_IN_0000000','zh_CN',2,'COMP','PSS_OTHER_STORAGE_IN','其它入库类型')
,('20180101000000000_02_t_sys_category_PSS_OTHER_STORAGE_OUT_000000','zh_CN',2,'COMP','PSS_OTHER_STORAGE_OUT','其它出库类型')
ON DUPLICATE KEY UPDATE 
LOCALE=VALUES(LOCALE),SORT_ID=VALUES(SORT_ID),AUTH_TYPE=VALUES(AUTH_TYPE),CATEGORY_CODE=VALUES(CATEGORY_CODE),CATEGORY_NAME=VALUES(CATEGORY_NAME)
;

INSERT INTO t_sys_dictionary (ID,INSERT_TIME,USING_STATUS,COMP_ID,LOCALE,CATEGORY_CODE,DICT_CODE,DICT_NAME,SORT_ID) VALUES 
-- 流程编码
 ('20180101000000000_t_sys_dictionary_ACTIVITI_PROCESS_CODE_pss_001','20180101000000000','USING','LichKin','zh_CN','ACTIVITI_PROCESS_CODE','PSS_PURCHASE_ORDER','采购订单',1)
,('20180101000000000_t_sys_dictionary_ACTIVITI_PROCESS_CODE_pss_002','20180101000000000','USING','LichKin','zh_CN','ACTIVITI_PROCESS_CODE','PSS_PURCHASE_STOCK_IN_ORDER','采购入库单',2)
,('20180101000000000_t_sys_dictionary_ACTIVITI_PROCESS_CODE_pss_003','20180101000000000','USING','LichKin','zh_CN','ACTIVITI_PROCESS_CODE','PSS_PURCHASE_STOCK_OUT_ORDER','采购退货（出库）单',3)
,('20180101000000000_t_sys_dictionary_ACTIVITI_PROCESS_CODE_pss_004','20180101000000000','USING','LichKin','zh_CN','ACTIVITI_PROCESS_CODE','PSS_SELL_ORDER','销售订单',4)
,('20180101000000000_t_sys_dictionary_ACTIVITI_PROCESS_CODE_pss_005','20180101000000000','USING','LichKin','zh_CN','ACTIVITI_PROCESS_CODE','PSS_SELL_STOCK_IN_ORDER','销售退货（入库）单',5)
,('20180101000000000_t_sys_dictionary_ACTIVITI_PROCESS_CODE_pss_006','20180101000000000','USING','LichKin','zh_CN','ACTIVITI_PROCESS_CODE','PSS_SELL_STOCK_OUT_ORDER','销售出库单',6)
,('20180101000000000_t_sys_dictionary_ACTIVITI_PROCESS_CODE_pss_007','20180101000000000','USING','LichKin','zh_CN','ACTIVITI_PROCESS_CODE','PSS_OTHER_STOCK_IN_ORDER','其它入库单',7)
,('20180101000000000_t_sys_dictionary_ACTIVITI_PROCESS_CODE_pss_008','20180101000000000','USING','LichKin','zh_CN','ACTIVITI_PROCESS_CODE','PSS_OTHER_STOCK_OUT_ORDER','其它出库单',8)
,('20180101000000000_t_sys_dictionary_ACTIVITI_PROCESS_CODE_pss_009','20180101000000000','USING','LichKin','zh_CN','ACTIVITI_PROCESS_CODE','PSS_ALLOT_ORDER','调拨单',9)
,('20180101000000000_t_sys_dictionary_ACTIVITI_PROCESS_CODE_pss_010','20180101000000000','USING','LichKin','zh_CN','ACTIVITI_PROCESS_CODE','PSS_CHECK_ORDER','盘点单',10)

-- 供应商类型
,('20180101000000000_t_sys_dictionary_PSS_SUPPLIER_TYPE_00000000001','20180101000000000','USING','LichKin','zh_CN','PSS_SUPPLIER_TYPE','GYS','供应商',1)
,('20180101000000000_t_sys_dictionary_PSS_SUPPLIER_TYPE_00000000002','20180101000000000','USING','LichKin','zh_CN','PSS_SUPPLIER_TYPE','DLS','代理商',2)

-- 产品单位
,('20180101000000000_t_sys_dictionary_PSS_PRODUCT_UNIT_000000000001','20180101000000000','USING','LichKin','zh_CN','PSS_PRODUCT_UNIT','CASE','箱',1)
,('20180101000000000_t_sys_dictionary_PSS_PRODUCT_UNIT_000000000002','20180101000000000','USING','LichKin','zh_CN','PSS_PRODUCT_UNIT','PACKAGE','包',2)
,('20180101000000000_t_sys_dictionary_PSS_PRODUCT_UNIT_000000000003','20180101000000000','USING','LichKin','zh_CN','PSS_PRODUCT_UNIT','SLICE','片',3)
,('20180101000000000_t_sys_dictionary_PSS_PRODUCT_UNIT_000000000004','20180101000000000','USING','LichKin','zh_CN','PSS_PRODUCT_UNIT','CABAS','提',4)
,('20180101000000000_t_sys_dictionary_PSS_PRODUCT_UNIT_000000000005','20180101000000000','USING','LichKin','zh_CN','PSS_PRODUCT_UNIT','BOX','盒',5)
,('20180101000000000_t_sys_dictionary_PSS_PRODUCT_UNIT_000000000006','20180101000000000','USING','LichKin','zh_CN','PSS_PRODUCT_UNIT','BOTTLE','瓶',6)
,('20180101000000000_t_sys_dictionary_PSS_PRODUCT_UNIT_000000000007','20180101000000000','USING','LichKin','zh_CN','PSS_PRODUCT_UNIT','PIECE','块',7)
,('20180101000000000_t_sys_dictionary_PSS_PRODUCT_UNIT_000000000008','20180101000000000','USING','LichKin','zh_CN','PSS_PRODUCT_UNIT','UNIT','个',8)
,('20180101000000000_t_sys_dictionary_PSS_PRODUCT_UNIT_000000000009','20180101000000000','USING','LichKin','zh_CN','PSS_PRODUCT_UNIT','SIDE','方',9)
,('20180101000000000_t_sys_dictionary_PSS_PRODUCT_UNIT_000000000010','20180101000000000','USING','LichKin','zh_CN','PSS_PRODUCT_UNIT','BAG','袋',10)

-- 订单类型
,('20180101000000000_t_sys_dictionary_PSS_ORDER_TYPE_00000000000001','20180101000000000','USING','LichKin','zh_CN','PSS_ORDER_TYPE','PSS_PURCHASE_STORAGE_IN','采购入库',1)
,('20180101000000000_t_sys_dictionary_PSS_ORDER_TYPE_00000000000002','20180101000000000','USING','LichKin','zh_CN','PSS_ORDER_TYPE','PSS_PURCHASE_STORAGE_OUT','采购退货',2)
,('20180101000000000_t_sys_dictionary_PSS_ORDER_TYPE_00000000000003','20180101000000000','USING','LichKin','zh_CN','PSS_ORDER_TYPE','PSS_SELL_STORAGE_OUT','销售出库',3)
,('20180101000000000_t_sys_dictionary_PSS_ORDER_TYPE_00000000000004','20180101000000000','USING','LichKin','zh_CN','PSS_ORDER_TYPE','PSS_OTHER_STORAGE_IN','其它入库',4)
,('20180101000000000_t_sys_dictionary_PSS_ORDER_TYPE_00000000000005','20180101000000000','USING','LichKin','zh_CN','PSS_ORDER_TYPE','PSS_OTHER_STORAGE_OUT','其它出库',5)

-- 入库状态
,('20180101000000000_t_sys_dictionary_PSS_ORDER_TYPE_00000000000001','20180101000000000','USING','LichKin','zh_CN','PSS_INVENTORY_STATUS','NOT','未入库',1)
,('20180101000000000_t_sys_dictionary_PSS_ORDER_TYPE_00000000000002','20180101000000000','USING','LichKin','zh_CN','PSS_INVENTORY_STATUS','PART','部分入库',2)
,('20180101000000000_t_sys_dictionary_PSS_ORDER_TYPE_00000000000003','20180101000000000','USING','LichKin','zh_CN','PSS_INVENTORY_STATUS','ALL','全部入库',3)
ON DUPLICATE KEY UPDATE 
INSERT_TIME=VALUES(INSERT_TIME),USING_STATUS=VALUES(USING_STATUS),COMP_ID=VALUES(COMP_ID),LOCALE=VALUES(LOCALE),CATEGORY_CODE=VALUES(CATEGORY_CODE),DICT_CODE=VALUES(DICT_CODE),DICT_NAME=VALUES(DICT_NAME),SORT_ID=VALUES(SORT_ID)
;

INSERT INTO t_sys_menu (ID,PARENT_CODE,MENU_CODE,MENU_NAME,ROOT_ONLY,ON_LINE,ASSIGNABLE,ICON,URL) VALUES 
 ('A0000006B0000000C0000000D0000000E0000000F0000000G0000000H0000000','ROOT','A0000006B0000000C0000000D0000000E0000000F0000000G0000000H0000000','pssMgmt',0,1,1,'pssMgmt','')
,('A0000006B0000001C0000000D0000000E0000000F0000000G0000000H0000000','A0000006B0000000C0000000D0000000E0000000F0000000G0000000H0000000','A0000006B0000001C0000000D0000000E0000000F0000000G0000000H0000000','pssBasicMgmt',0,1,1,'pssBasicMgmt','')
,('A0000006B0000001C0000001D0000000E0000000F0000000G0000000H0000000','A0000006B0000001C0000000D0000000E0000000F0000000G0000000H0000000','A0000006B0000001C0000001D0000000E0000000F0000000G0000000H0000000','pssProductCategoryMgmt.title',0,1,1,'pssProductCategoryMgmt','/admin/pss/pssProductCategoryMgmt')
,('A0000006B0000001C0000002D0000000E0000000F0000000G0000000H0000000','A0000006B0000001C0000000D0000000E0000000F0000000G0000000H0000000','A0000006B0000001C0000002D0000000E0000000F0000000G0000000H0000000','pssProductMgmt.title',0,1,1,'pssProductMgmt','/admin/pss/pssProductMgmt')
,('A0000006B0000001C0000003D0000000E0000000F0000000G0000000H0000000','A0000006B0000001C0000000D0000000E0000000F0000000G0000000H0000000','A0000006B0000001C0000003D0000000E0000000F0000000G0000000H0000000','pssSupplierMgmt.title',0,1,1,'pssSupplierMgmt','/admin/pss/pssSupplierMgmt')
,('A0000006B0000001C0000004D0000000E0000000F0000000G0000000H0000000','A0000006B0000001C0000000D0000000E0000000F0000000G0000000H0000000','A0000006B0000001C0000004D0000000E0000000F0000000G0000000H0000000','pssStorageMgmt.title',0,1,1,'pssStorageMgmt','/admin/pss/pssStorageMgmt')
,('A0000006B0000001C0000005D0000000E0000000F0000000G0000000H0000000','A0000006B0000001C0000000D0000000E0000000F0000000G0000000H0000000','A0000006B0000001C0000005D0000000E0000000F0000000G0000000H0000000','pssStoreMgmt.title',0,1,1,'pssStoreMgmt','/admin/pss/pssStoreMgmt')
,('A0000006B0000001C0000006D0000000E0000000F0000000G0000000H0000000','A0000006B0000001C0000000D0000000E0000000F0000000G0000000H0000000','A0000006B0000001C0000006D0000000E0000000F0000000G0000000H0000000','pssStoreCashierMgmt.title',0,1,1,'pssStoreCashierMgmt','/admin/pss/pssStoreCashierMgmt')
,('A0000006B0000002C0000000D0000000E0000000F0000000G0000000H0000000','A0000006B0000000C0000000D0000000E0000000F0000000G0000000H0000000','A0000006B0000002C0000000D0000000E0000000F0000000G0000000H0000000','pssPurchaseMgmt',0,1,1,'pssPurchaseMgmt','')
,('A0000006B0000002C0000001D0000000E0000000F0000000G0000000H0000000','A0000006B0000002C0000000D0000000E0000000F0000000G0000000H0000000','A0000006B0000002C0000001D0000000E0000000F0000000G0000000H0000000','purchaseOrder.title',0,1,1,'purchaseOrder','/admin/pss/purchaseOrder')
,('A0000006B0000002C0000002D0000000E0000000F0000000G0000000H0000000','A0000006B0000002C0000000D0000000E0000000F0000000G0000000H0000000','A0000006B0000002C0000002D0000000E0000000F0000000G0000000H0000000','purchaseStockInOrder.title',0,1,1,'purchaseStockInOrder','/admin/pss/purchaseStockInOrder')
,('A0000006B0000002C0000003D0000000E0000000F0000000G0000000H0000000','A0000006B0000002C0000000D0000000E0000000F0000000G0000000H0000000','A0000006B0000002C0000003D0000000E0000000F0000000G0000000H0000000','purchaseStockOutOrder.title',0,1,1,'purchaseStockOutOrder','/admin/pss/purchaseStockOutOrder')
,('A0000006B0000003C0000000D0000000E0000000F0000000G0000000H0000000','A0000006B0000000C0000000D0000000E0000000F0000000G0000000H0000000','A0000006B0000003C0000000D0000000E0000000F0000000G0000000H0000000','pssSellMgmt',0,1,1,'pssSellMgmt','')
,('A0000006B0000003C0000001D0000000E0000000F0000000G0000000H0000000','A0000006B0000003C0000000D0000000E0000000F0000000G0000000H0000000','A0000006B0000003C0000001D0000000E0000000F0000000G0000000H0000000','sellOrder.title',0,1,1,'sellOrder','/admin/pss/sellOrder')
,('A0000006B0000003C0000002D0000000E0000000F0000000G0000000H0000000','A0000006B0000003C0000000D0000000E0000000F0000000G0000000H0000000','A0000006B0000003C0000002D0000000E0000000F0000000G0000000H0000000','sellStockInOrder.title',0,1,1,'sellStockInOrder','/admin/pss/sellStockInOrder')
,('A0000006B0000003C0000003D0000000E0000000F0000000G0000000H0000000','A0000006B0000003C0000000D0000000E0000000F0000000G0000000H0000000','A0000006B0000003C0000003D0000000E0000000F0000000G0000000H0000000','sellStockOutOrder.title',0,1,1,'sellStockOutOrder','/admin/pss/sellStockOutOrder')
,('A0000006B0000004C0000000D0000000E0000000F0000000G0000000H0000000','A0000006B0000000C0000000D0000000E0000000F0000000G0000000H0000000','A0000006B0000004C0000000D0000000E0000000F0000000G0000000H0000000','pssStockMgmt',0,1,1,'pssStockMgmt','')
,('A0000006B0000004C0000001D0000000E0000000F0000000G0000000H0000000','A0000006B0000004C0000000D0000000E0000000F0000000G0000000H0000000','A0000006B0000004C0000001D0000000E0000000F0000000G0000000H0000000','otherStockInOrder.title',0,1,1,'otherStockInOrder','/admin/pss/otherStockInOrder')
,('A0000006B0000004C0000002D0000000E0000000F0000000G0000000H0000000','A0000006B0000004C0000000D0000000E0000000F0000000G0000000H0000000','A0000006B0000004C0000002D0000000E0000000F0000000G0000000H0000000','otherStockOutOrder.title',0,1,1,'otherStockOutOrder','/admin/pss/otherStockOutOrder')
,('A0000006B0000004C0000003D0000000E0000000F0000000G0000000H0000000','A0000006B0000004C0000000D0000000E0000000F0000000G0000000H0000000','A0000006B0000004C0000003D0000000E0000000F0000000G0000000H0000000','allotOrder.title',0,1,1,'allotOrder','/admin/pss/allotOrder')
,('A0000006B0000004C0000004D0000000E0000000F0000000G0000000H0000000','A0000006B0000004C0000000D0000000E0000000F0000000G0000000H0000000','A0000006B0000004C0000004D0000000E0000000F0000000G0000000H0000000','checkOrder.title',0,1,1,'checkOrder','/admin/pss/checkOrder')
,('A0000006B0000005C0000000D0000000E0000000F0000000G0000000H0000000','A0000006B0000000C0000000D0000000E0000000F0000000G0000000H0000000','A0000006B0000005C0000000D0000000E0000000F0000000G0000000H0000000','pssReport',0,1,1,'pssReport','')
,('A0000006B0000005C0000001D0000000E0000000F0000000G0000000H0000000','A0000006B0000005C0000000D0000000E0000000F0000000G0000000H0000000','A0000006B0000005C0000001D0000000E0000000F0000000G0000000H0000000','stockDetail.title',0,1,1,'stockDetail','/admin/pss/stockDetail')
,('A0000006B0000005C0000002D0000000E0000000F0000000G0000000H0000000','A0000006B0000005C0000000D0000000E0000000F0000000G0000000H0000000','A0000006B0000005C0000002D0000000E0000000F0000000G0000000H0000000','purchaseDetail',0,1,1,'purchaseDetail','/admin/pass/purchaseDetail')
,('A0000006B0000005C0000003D0000000E0000000F0000000G0000000H0000000','A0000006B0000005C0000000D0000000E0000000F0000000G0000000H0000000','A0000006B0000005C0000003D0000000E0000000F0000000G0000000H0000000','sellDetail',0,1,1,'sellDetail','/admin/pss/sellDetail')
,('A0000006B0000005C0000004D0000000E0000000F0000000G0000000H0000000','A0000006B0000005C0000000D0000000E0000000F0000000G0000000H0000000','A0000006B0000005C0000004D0000000E0000000F0000000G0000000H0000000','stockInDetail',0,1,1,'stockInDetail','/admin/pss/stockInDetail')
,('A0000006B0000005C0000005D0000000E0000000F0000000G0000000H0000000','A0000006B0000005C0000000D0000000E0000000F0000000G0000000H0000000','A0000006B0000005C0000005D0000000E0000000F0000000G0000000H0000000','stockOutDetail',0,1,1,'stockOutDetail','/admin/pss/stockOutDetail')
ON DUPLICATE KEY UPDATE 
PARENT_CODE=VALUES(PARENT_CODE),MENU_CODE=VALUES(MENU_CODE),MENU_NAME=VALUES(MENU_NAME),ROOT_ONLY=VALUES(ROOT_ONLY),ON_LINE=VALUES(ON_LINE),ASSIGNABLE=VALUES(ASSIGNABLE),ICON=VALUES(ICON),URL=VALUES(URL)
;

INSERT INTO t_sys_role (ID,INSERT_TIME,USING_STATUS,COMP_ID,DESCRIPTION,ROLE_NAME) VALUES 
 ('20180101000000000_t_sys_role_000000000000000000000000000000000X6','20180101000000000','USING','LichKin','普通公司账号（进销存）','普通公司账号（进销存）')
ON DUPLICATE KEY UPDATE 
INSERT_TIME=VALUES(INSERT_TIME),USING_STATUS=VALUES(USING_STATUS),COMP_ID=VALUES(COMP_ID),DESCRIPTION=VALUES(DESCRIPTION),ROLE_NAME=VALUES(ROLE_NAME)
;

INSERT INTO t_sys_role_menu (ID,MENU_ID,ROLE_ID) VALUES 
 ('X6000006B0000000C0000000D0000000E0000000F0000000G0000000H0000000','A0000006B0000000C0000000D0000000E0000000F0000000G0000000H0000000','20180101000000000_t_sys_role_000000000000000000000000000000000X6')
,('X6000006B0000001C0000000D0000000E0000000F0000000G0000000H0000000','A0000006B0000001C0000000D0000000E0000000F0000000G0000000H0000000','20180101000000000_t_sys_role_000000000000000000000000000000000X6')
,('X6000006B0000001C0000001D0000000E0000000F0000000G0000000H0000000','A0000006B0000001C0000001D0000000E0000000F0000000G0000000H0000000','20180101000000000_t_sys_role_000000000000000000000000000000000X6')
,('X6000006B0000001C0000002D0000000E0000000F0000000G0000000H0000000','A0000006B0000001C0000002D0000000E0000000F0000000G0000000H0000000','20180101000000000_t_sys_role_000000000000000000000000000000000X6')
,('X6000006B0000001C0000003D0000000E0000000F0000000G0000000H0000000','A0000006B0000001C0000003D0000000E0000000F0000000G0000000H0000000','20180101000000000_t_sys_role_000000000000000000000000000000000X6')
,('X6000006B0000001C0000004D0000000E0000000F0000000G0000000H0000000','A0000006B0000001C0000004D0000000E0000000F0000000G0000000H0000000','20180101000000000_t_sys_role_000000000000000000000000000000000X6')
,('X6000006B0000001C0000005D0000000E0000000F0000000G0000000H0000000','A0000006B0000001C0000005D0000000E0000000F0000000G0000000H0000000','20180101000000000_t_sys_role_000000000000000000000000000000000X6')
,('X6000006B0000001C0000006D0000000E0000000F0000000G0000000H0000000','A0000006B0000001C0000006D0000000E0000000F0000000G0000000H0000000','20180101000000000_t_sys_role_000000000000000000000000000000000X6')
,('X6000006B0000002C0000000D0000000E0000000F0000000G0000000H0000000','A0000006B0000002C0000000D0000000E0000000F0000000G0000000H0000000','20180101000000000_t_sys_role_000000000000000000000000000000000X6')
,('X6000006B0000002C0000001D0000000E0000000F0000000G0000000H0000000','A0000006B0000002C0000001D0000000E0000000F0000000G0000000H0000000','20180101000000000_t_sys_role_000000000000000000000000000000000X6')
,('X6000006B0000002C0000002D0000000E0000000F0000000G0000000H0000000','A0000006B0000002C0000002D0000000E0000000F0000000G0000000H0000000','20180101000000000_t_sys_role_000000000000000000000000000000000X6')
,('X6000006B0000002C0000003D0000000E0000000F0000000G0000000H0000000','A0000006B0000002C0000003D0000000E0000000F0000000G0000000H0000000','20180101000000000_t_sys_role_000000000000000000000000000000000X6')
,('X6000006B0000003C0000000D0000000E0000000F0000000G0000000H0000000','A0000006B0000003C0000000D0000000E0000000F0000000G0000000H0000000','20180101000000000_t_sys_role_000000000000000000000000000000000X6')
,('X6000006B0000003C0000001D0000000E0000000F0000000G0000000H0000000','A0000006B0000003C0000001D0000000E0000000F0000000G0000000H0000000','20180101000000000_t_sys_role_000000000000000000000000000000000X6')
,('X6000006B0000003C0000002D0000000E0000000F0000000G0000000H0000000','A0000006B0000003C0000002D0000000E0000000F0000000G0000000H0000000','20180101000000000_t_sys_role_000000000000000000000000000000000X6')
,('X6000006B0000003C0000003D0000000E0000000F0000000G0000000H0000000','A0000006B0000003C0000003D0000000E0000000F0000000G0000000H0000000','20180101000000000_t_sys_role_000000000000000000000000000000000X6')
,('X6000006B0000004C0000000D0000000E0000000F0000000G0000000H0000000','A0000006B0000004C0000000D0000000E0000000F0000000G0000000H0000000','20180101000000000_t_sys_role_000000000000000000000000000000000X6')
,('X6000006B0000004C0000001D0000000E0000000F0000000G0000000H0000000','A0000006B0000004C0000001D0000000E0000000F0000000G0000000H0000000','20180101000000000_t_sys_role_000000000000000000000000000000000X6')
,('X6000006B0000004C0000002D0000000E0000000F0000000G0000000H0000000','A0000006B0000004C0000002D0000000E0000000F0000000G0000000H0000000','20180101000000000_t_sys_role_000000000000000000000000000000000X6')
,('X6000006B0000004C0000003D0000000E0000000F0000000G0000000H0000000','A0000006B0000004C0000003D0000000E0000000F0000000G0000000H0000000','20180101000000000_t_sys_role_000000000000000000000000000000000X6')
,('X6000006B0000004C0000004D0000000E0000000F0000000G0000000H0000000','A0000006B0000004C0000004D0000000E0000000F0000000G0000000H0000000','20180101000000000_t_sys_role_000000000000000000000000000000000X6')
,('X6000006B0000005C0000000D0000000E0000000F0000000G0000000H0000000','A0000006B0000005C0000000D0000000E0000000F0000000G0000000H0000000','20180101000000000_t_sys_role_000000000000000000000000000000000X6')
,('X6000006B0000005C0000001D0000000E0000000F0000000G0000000H0000000','A0000006B0000005C0000001D0000000E0000000F0000000G0000000H0000000','20180101000000000_t_sys_role_000000000000000000000000000000000X6')
,('X6000006B0000005C0000002D0000000E0000000F0000000G0000000H0000000','A0000006B0000005C0000002D0000000E0000000F0000000G0000000H0000000','20180101000000000_t_sys_role_000000000000000000000000000000000X6')
,('X6000006B0000005C0000003D0000000E0000000F0000000G0000000H0000000','A0000006B0000005C0000003D0000000E0000000F0000000G0000000H0000000','20180101000000000_t_sys_role_000000000000000000000000000000000X6')
,('X6000006B0000005C0000004D0000000E0000000F0000000G0000000H0000000','A0000006B0000005C0000004D0000000E0000000F0000000G0000000H0000000','20180101000000000_t_sys_role_000000000000000000000000000000000X6')
,('X6000006B0000005C0000005D0000000E0000000F0000000G0000000H0000000','A0000006B0000005C0000005D0000000E0000000F0000000G0000000H0000000','20180101000000000_t_sys_role_000000000000000000000000000000000X6')
ON DUPLICATE KEY UPDATE 
MENU_ID=VALUES(MENU_ID),ROLE_ID=VALUES(ROLE_ID)
;

INSERT INTO t_sys_admin_login_role (ID,LOGIN_ID,ROLE_ID) VALUES 
 ('20180101000000000_t_sys_admin_login_role_X60000000000000_lichkin','20180101000000000_t_sys_admin_login_00000000000000000000_lichkin','20180101000000000_t_sys_role_000000000000000000000000000000000X6')
,('20180101000000000_t_sys_admin_login_role_X6000000000000000_baidu','20180101000000000_t_sys_admin_login_0000000000000000000000_baidu','20180101000000000_t_sys_role_000000000000000000000000000000000X6')
,('20180101000000000_t_sys_admin_login_role_X60000000000000_alibaba','20180101000000000_t_sys_admin_login_00000000000000000000_alibaba','20180101000000000_t_sys_role_000000000000000000000000000000000X6')
,('20180101000000000_t_sys_admin_login_role_X60000000000000_tencent','20180101000000000_t_sys_admin_login_00000000000000000000_tencent','20180101000000000_t_sys_role_000000000000000000000000000000000X6')
ON DUPLICATE KEY UPDATE 
LOGIN_ID=VALUES(LOGIN_ID),ROLE_ID=VALUES(ROLE_ID)
;

-- DROP TABLE IF EXISTS `t_sys_pss_storage`;
CREATE TABLE IF NOT EXISTS `t_sys_pss_storage` (
  `ID` varchar(64) NOT NULL COMMENT '主键',
  `INSERT_TIME` varchar(17) NOT NULL COMMENT '新增时间（yyyyMMddHHmmssSSS）',
  `USING_STATUS` varchar(10) NOT NULL COMMENT '在用状态（枚举）',
  `COMP_ID` varchar(64) NOT NULL COMMENT '公司ID（t_sys_comp.ID）',
  `STORAGE_CODE` varchar(64) DEFAULT NULL COMMENT '仓库编码',
  `STORAGE_NAME` varchar(32) NOT NULL COMMENT '仓库名称',
  `ADDRESS` varchar(50) DEFAULT NULL COMMENT '仓库地址',
  `RESPONSIBLE_PERSON` varchar(64) DEFAULT NULL COMMENT '负责人ID（t_sys_employee.ID）',  `REMARKS` varchar(512) DEFAULT NULL COMMENT '备注',  PRIMARY KEY (`ID`)
) ENGINE=InnoDB DEFAULT CHARSET=utf8 COMMENT='仓库表';

-- DROP TABLE IF EXISTS `t_sys_pss_supplier`;
CREATE TABLE IF NOT EXISTS `t_sys_pss_supplier` (
  `ID` varchar(64) NOT NULL COMMENT '主键',
  `INSERT_TIME` varchar(17) NOT NULL COMMENT '新增时间（yyyyMMddHHmmssSSS）',
  `USING_STATUS` varchar(10) NOT NULL COMMENT '在用状态（枚举）',
  `COMP_ID` varchar(64) NOT NULL COMMENT '公司ID（t_sys_comp.ID）',
  `SUPPLIER_TYPE` varchar(32) DEFAULT NULL COMMENT '供应商类型（字典）',
  `SUPPLIER_CODE` varchar(64) DEFAULT NULL COMMENT '供应商编码',
  `SUPPLIER_NAME` varchar(32) NOT NULL COMMENT '供应商名称',  `LINKMAN_CONTACT_WAY` varchar(100) DEFAULT NULL COMMENT '联系人联系方式',  `LINKMAN_NAME` varchar(32) DEFAULT NULL COMMENT '联系人姓名',
  `RESPONSIBLE_PERSON` varchar(64) DEFAULT NULL COMMENT '负责人ID（t_sys_employee.ID）',
  `ADDRESS` varchar(50) DEFAULT NULL COMMENT '供应商地址',  `REMARKS` varchar(512) DEFAULT NULL COMMENT '备注',  PRIMARY KEY (`ID`)
) ENGINE=InnoDB DEFAULT CHARSET=utf8 COMMENT='供应商表';

-- DROP TABLE IF EXISTS `t_sys_pss_product_category`;
CREATE TABLE IF NOT EXISTS `t_sys_pss_product_category` (
  `ID` varchar(64) NOT NULL COMMENT '主键',
  `INSERT_TIME` varchar(17) NOT NULL COMMENT '新增时间（yyyyMMddHHmmssSSS）',
  `USING_STATUS` varchar(10) NOT NULL COMMENT '在用状态（枚举）',
  `COMP_ID` varchar(64) NOT NULL COMMENT '公司ID（t_sys_comp.ID）',
  `PARENT_CODE` varchar(64) NOT NULL COMMENT '上级类别编码（工具类规则）',  `CATEGORY_CODE` varchar(64) NOT NULL COMMENT '类别编码（工具类规则）',  `CATEGORY_NAME` varchar(64) NOT NULL COMMENT '类别名称',  PRIMARY KEY (`ID`)
) ENGINE=InnoDB DEFAULT CHARSET=utf8 COMMENT='产品类别表';

-- DROP TABLE IF EXISTS `t_sys_pss_product`;
CREATE TABLE IF NOT EXISTS `t_sys_pss_product` (
  `ID` varchar(64) NOT NULL COMMENT '主键',
  `INSERT_TIME` varchar(17) NOT NULL COMMENT '新增时间（yyyyMMddHHmmssSSS）',
  `USING_STATUS` varchar(10) NOT NULL COMMENT '在用状态（枚举）',
  `COMP_ID` varchar(64) NOT NULL COMMENT '公司ID（t_sys_comp.ID）',
  `PRODUCT_CATEGORY` varchar(64) NOT NULL COMMENT '产品类别（t_sys_pss_product_category.ID）',
  `PRODUCT_CODE` varchar(64) DEFAULT NULL COMMENT '产品编码',
  `PRODUCT_NAME` varchar(32) NOT NULL COMMENT '产品名称 ',
  `BARCODE` varchar(64) DEFAULT NULL COMMENT '条形码',
  `UNIT` varchar(64) DEFAULT NULL COMMENT '单位（字典）',  `SUB_PRODUCT` varchar(64) DEFAULT NULL COMMENT '下级产品ID（t_sys_pss_product.ID）',
  `SUB_PRODUCT_COUNT` smallint(6) DEFAULT NULL COMMENT '下级产品个数',
  `PURCHASE_PRICE` varchar(10) DEFAULT NULL COMMENT '参考进价',
  `REFERENCE_PRICE` varchar(10) DEFAULT NULL COMMENT '参考售价',
  `RETAIL_PRICE` varchar(10) NOT NULL COMMENT '零售价',
  `REMARKS` varchar(512) DEFAULT NULL COMMENT '备注',  `IMAGE_URL1` varchar(512) DEFAULT NULL COMMENT '图片（URL）',  `IMAGE_URL2` varchar(512) DEFAULT NULL COMMENT '图片（URL）',  `IMAGE_URL3` varchar(512) DEFAULT NULL COMMENT '图片（URL）',  `IMAGE_URL4` varchar(512) DEFAULT NULL COMMENT '图片（URL）',  PRIMARY KEY (`ID`)
) ENGINE=InnoDB DEFAULT CHARSET=utf8 COMMENT='产品表';

-- DROP TABLE IF EXISTS `t_sys_pss_store`;
CREATE TABLE IF NOT EXISTS `t_sys_pss_store` (
  `ID` varchar(64) NOT NULL COMMENT '主键',
  `INSERT_TIME` varchar(17) NOT NULL COMMENT '新增时间（yyyyMMddHHmmssSSS）',
  `USING_STATUS` varchar(10) NOT NULL COMMENT '在用状态（枚举）',
  `COMP_ID` varchar(64) NOT NULL COMMENT '公司ID（t_sys_comp.ID）',
  `STORAGE_ID` varchar(64) NOT NULL COMMENT '仓库ID（t_sys_pss_storage.ID）',
  `STORE_CODE` varchar(64) DEFAULT NULL COMMENT '门店编码',
  `STORE_NAME` varchar(32) NOT NULL COMMENT '门店名称',
  `ADDRESS` varchar(50) DEFAULT NULL COMMENT '门店地址',  `RESPONSIBLE_PERSON` varchar(64) DEFAULT NULL COMMENT '负责人ID（t_sys_employee.ID）',
  `REMARKS` varchar(512) DEFAULT NULL COMMENT '备注',  PRIMARY KEY (`ID`)
) ENGINE=InnoDB DEFAULT CHARSET=utf8 COMMENT='门店表';

-- DROP TABLE IF EXISTS `t_sys_pss_store_cashier`;
CREATE TABLE IF NOT EXISTS `t_sys_pss_store_cashier` (
  `ID` varchar(64) NOT NULL COMMENT '主键',
  `COMP_ID` varchar(64) NOT NULL COMMENT '公司ID（t_sys_comp.ID）',
  `CASHIER` varchar(64) NOT NULL COMMENT '收银员登录ID（t_sys_employee.ID）',
  `STORE_ID` varchar(64) NOT NULL COMMENT '门店ID（t_sys_pss_store.ID）',
  PRIMARY KEY (`ID`)
) ENGINE=InnoDB DEFAULT CHARSET=utf8 COMMENT='门店收银员表';

-- DROP TABLE IF EXISTS `t_sys_pss_stock`;
CREATE TABLE IF NOT EXISTS `t_sys_pss_stock` (
  `ID` varchar(64) NOT NULL COMMENT '主键',
  `COMP_ID` varchar(64) NOT NULL COMMENT '公司ID（t_sys_comp.ID）',
  `STORAGE_ID` varchar(64) NOT NULL COMMENT '仓库ID（t_sys_pss_storage.ID）',
  `PRODUCT_ID` varchar(64) NOT NULL COMMENT '产品ID（t_sys_pss_product.ID）',
  `QUANTITY` int(11) NOT NULL COMMENT '产品数量',
  PRIMARY KEY (`ID`)
) ENGINE=InnoDB DEFAULT CHARSET=utf8 COMMENT='库存表';

-- DROP TABLE IF EXISTS `t_sys_pss_purchase_order`;
CREATE TABLE `t_sys_pss_purchase_order` (
  `ID` varchar(64) NOT NULL COMMENT '主键',
  `INSERT_TIME` varchar(17) NOT NULL COMMENT '新增时间（yyyyMMddHHmmssSSS）',
  `USING_STATUS` varchar(10) NOT NULL COMMENT '在用状态（枚举）',
  `COMP_ID` varchar(64) NOT NULL COMMENT '公司ID（t_sys_comp.ID）',
  `APPROVAL_STATUS` varchar(9) NOT NULL COMMENT '审批状态（枚举）',
  `APPROVAL_TIME` varchar(17) DEFAULT NULL COMMENT '审批时间（yyyyMMddHHmmssSSS）',
  `BILL_DATE` varchar(10) NOT NULL COMMENT '订单日期（yyyy-MM-dd）',
  `ORDER_NO` varchar(32) NOT NULL COMMENT '订单号',
  `ORDER_AMOUNT` varchar(10) NOT NULL COMMENT '订单金额',
  `INVENTORY_STATUS` varchar(4) NOT NULL COMMENT '入库状态（枚举）',
  `PURCHASER_ID` varchar(64) DEFAULT NULL COMMENT '采购人ID（t_sys_employee.ID）',
  `SUPPLIER_ID` varchar(64) NOT NULL COMMENT '供应商ID（t_sys_pss_supplier.ID）',
  `REMARKS` varchar(512) DEFAULT NULL COMMENT '备注',
  PRIMARY KEY (`ID`)
) ENGINE=InnoDB DEFAULT CHARSET=utf8 COMMENT='采购订单表';

-- DROP TABLE IF EXISTS `t_sys_pss_purchase_order_product`;
CREATE TABLE `t_sys_pss_purchase_order_product` (
  `ID` varchar(64) NOT NULL COMMENT '主键',
  `ORDER_ID` varchar(64) NOT NULL COMMENT '订单ID（t_sys_pss_purchase_order.ID）',
  `PRODUCT_ID` varchar(64) NOT NULL COMMENT '产品ID（t_sys_pss_product.ID）',
  `UNIT_PRICE` varchar(10) NOT NULL COMMENT '单价',
  `QUANTITY` int(11) NOT NULL COMMENT '产品数量',
  `SUB_TOTAL_PRICE` varchar(10) NOT NULL COMMENT '小计',
  `INVENTORY_QUANTITY` int(11) NOT NULL COMMENT '入库状态（枚举）',
  `SORT_ID` int(11) NOT NULL COMMENT '排序号',
  PRIMARY KEY (`ID`)
) ENGINE=InnoDB DEFAULT CHARSET=utf8 COMMENT='采购订单产品表';
